,,1. Availability,1. Availability,1. Availability,1. Availability,1. Availability,1. Availability,1. Availability,2. Plausibility,2. Plausibility,2. Plausibility,2. Plausibility,2. Plausibility,3. Spread of future outcomes,3. Spread of future outcomes,3. Spread of future outcomes,4. Other criteria,4. Other criteria,4. Other criteria,4. Other criteria,4. Other criteria
. Plausible values,max,,,,,,,,,2.40,0.20,1.00,1.00,,,,,,,,
. Plausible values,min,,,,,,,,,1.20,0.01,0.00,1.00,,,,,,,,
model,run,synthesis,historical,ssp119,ssp126,ssp245,ssp370,ssp585,Synthesis,AR6 TCR,Bru20 perf,Dalelane MNQS,Qasmi Constr Global Dtas ssp245 2050,AR6 TCR as spread,Mindlin21 tropampl ssp585,Sch20 ECS,Bru20 mfamily,Aer. species,Bra21 complexity,Calendar,atm. res. km
ACCESS-CM2,r1i1p1f1,0.00,ESD,,ESD,AORCM,AORCM,ESD,1,2.10,0.07,0.79,0.00,2.10,1.68,4.72,HadGEM,,2222002000.00,gregorian,250.00
ACCESS-CM2,r2i1p1f1,0.00,Basic,,Basic,Basic,Basic,Basic,1,,,,0.00,,,,,,,,
ACCESS-CM2,r3i1p1f1,0.00,Basic,,Basic,Basic,Basic,Basic,1,,,,0.00,,1.68,,,,,,
ACCESS-CM2,r4i1p1f1,0.00,ESD,,ESD,ESD,ESD,ESD,0,2.10,0.07,,,2.10,1.68,,,,,,
ACCESS-CM2,r5i1p1f1,0.00,ESD,,ESD,ESD,ESD,ESD,0,2.10,0.07,,,2.10,1.67,,,,,,
ACCESS-ESM1-5,r1i1p1f1,0.00,RCM,,RCM,RCM,RCM,RCM,0,1.95,0.04,0.77,1.00,1.95,1.64,3.87,,,2222122020.00,gregorian,250.00
ACCESS-ESM1-5,r2i1p1f1,0.00,Basic,,ESD,ESD,ESD,ESD,0,,0.04,,1.00,,,,,,,,
ACCESS-ESM1-5,r3i1p1f1,0.00,Basic,,ESD,ESD,ESD,ESD,0,,0.04,,1.00,,,,,,,,
ACCESS-ESM1-5,r4i1p1f1,0.00,Basic,,ESD,ESD,ESD,ESD,0,,,,1.00,,,,,,,,
ACCESS-ESM1-5,r5i1p1f1,0.00,Basic,,ESD,ESD,ESD,ESD,0,,,,1.00,,1.64,,,,,,
ACCESS-ESM1-5,r6i1p1f1,0.00,Basic,,ESD,ESD,ESD,ESD,0,,,,1.00,,1.74,,,,,,
ACCESS-ESM1-5,r7i1p1f1,0.00,Basic,,ESD,ESD,ESD,ESD,0,,,,1.00,,1.71,,,,,,
ACCESS-ESM1-5,r8i1p1f1,0.00,Basic,,ESD,ESD,ESD,ESD,0,,,,1.00,,1.72,,,,,,
ACCESS-ESM1-5,r9i1p1f1,0.00,Basic,,ESD,ESD,ESD,ESD,0,,,,1.00,,1.70,,,,,,
ACCESS-ESM1-5,r10i1p1f1,0.00,Basic,,ESD,ESD,ESD,ESD,0,,,,1.00,,1.68,,,,,,
ACCESS-ESM1-5,r11i1p1f1,0.00,Basic,,ESD,ESD,ESD,ESD,0,,,,1.00,,,,,,,,
ACCESS-ESM1-5,r19i1p1f1,0.00,Basic,,ESD,ESD,ESD,ESD,0,,,,1.00,,,,,,,,
ACCESS-ESM1-5,r21i1p1f1,0.00,Basic,,ESD,ESD,ESD,ESD,0,,,,1.00,,,,,,,,
ACCESS-ESM1-5,r24i1p1f1,0.00,Basic,,ESD,ESD,ESD,ESD,0,,,,1.00,,,,,,,,
ACCESS-ESM1-5,r25i1p1f1,0.00,Basic,,ESD,ESD,ESD,ESD,0,,,,1.00,,,,,,,,
ACCESS-ESM1-5,r26i1p1f1,0.00,Basic,,ESD,ESD,ESD,ESD,0,,,,1.00,,,,,,,,
ACCESS-ESM1-5,r27i1p1f1,0.00,Basic,,ESD,ESD,ESD,ESD,0,,,,1.00,,,,,,,,
ACCESS-ESM1-5,r28i1p1f1,0.00,Basic,,ESD,ESD,ESD,ESD,0,,,,1.00,,,,,,,,
ACCESS-ESM1-5,r29i1p1f1,0.00,Basic,,ESD,ESD,ESD,ESD,0,,,,1.00,,,,,,,,
AWI-CM-1-1-MR,r1i1p1f1,0.00,-,,ESD,ESD,ESD,ESD,1,2.06,0.06,,0.00,2.06,,3.16,,,,gregorian,100.00
AWI-ESM-1-1-LR,r1i1p1f1,0.00,AORCM,,,,,,,,,,,,,,,,2222220100.00,,
BCC-CSM2-MR,r1i1p1f1,0.00,3Dml,,3Dml,3Dml,3Dml,3Dml,0,1.72,0.02,0.78,1.00,1.72,1.71,3.04,,,2222221120.00,365_day,100.00
BCC-ESM1,r1i1p1f1,0.00,ESD,,,,ESD,,0,1.77,,,,1.77,,3.26,,dust so4 ss,,,
BCC-ESM1,r2i1p1f1,0.00,Basic,,,,ESD,,,,,,,,,,,dust so4 ss,,,
BCC-ESM1,r3i1p1f1,0.00,Basic,,,,ESD,,,,,,,,,,,dust so4 ss,,,
CAMS-CSM1-0,r1i1p1f1,0.00,-,-,-,-,-,-,0,1.73,0.06,,,1.73,1.89,,,,,365_day,100.00
CAMS-CSM1-0,r2i1p1f1,0.00,Basic,Basic,Basic,Basic,Basic,Basic,0,,0.06,,,,1.81,2.29,,,,,
CAS-ESM2-0,r1i1p1f1,0.00,-,,-,-,-,-,0,2.04,,,1.00,2.04,1.64,3.51,,,,365_day,100.00
CAS-ESM2-0,r3i1p1f1,0.00,-,,-,-,-,-,0,,,,1.00,,1.61,,,,,,
CESM2,r1i1p1f1,0.00,ESD,,ESD,ESD,ESD,ESD,1,,0.02,0.79,0.00,,1.74,,CESM,bc dust oa so4,,,
CESM2,r2i1p1f1,0.00,ESD,,AORCM,AORCM,AORCM,AORCM,1,2.06,0.02,0.75,0.00,2.06,,5.16,CESM,bc dust oa so4 ss,,365_day,100.00
CESM2,r3i1p1f1,0.00,ESD,,,Basic,-,,,,,,,,,,,bc dust oa so4,,,
CESM2,r4i1p1f1,0.00,ESD,,ESD,ESD,ESD,ESD,1,,,,0.00,,,,,bc dust oa so4,,,
CESM2,r5i1p1f1,0.00,ESD,,,,-,,,,,,,,,,,bc dust oa so4,,,
CESM2,r6i1p1f1,0.00,ESD,,,,-,,,,,,,,,,,bc dust oa so4,,,
CESM2,r10i1p1f1,0.00,-,,ESD,ESD,ESD,ESD,,,,,,,,,,bc dust oa so4,,,
CESM2,r11i1p1f1,1.00,AORCM,,AORCM,AORCM,AORCM,AORCM,1,2.06,0.02,,0.00,2.06,,,,bc dust oa so4,,,100.00
CESM2-FV2,r1i1p1f1,0.00,Basic,,,,,,0,2.05,,,,2.05,,5.14,,,,,
CESM2-WACCM,r1i1p1f1,0.00,ESD,,ESD,Basic,Basic,ESD,1,1.98,0.01,,0.00,1.98,1.72,4.75,CESM,bc dust oa so4,,365_day,100.00
CESM2-WACCM,r2i1p1f1,0.00,ESD,,,ESD,Basic,Basic,,,,,,,,,,bc dust oa so4,,,
CESM2-WACCM,r3i1p1f1,0.00,ESD,,,ESD,Basic,ESD,,,,,,,,,,bc dust oa so4,,,
CESM2-WACCM-FV2,r1i1p1f1,0.00,Basic,,,,,,0,2.01,,,,2.01,,4.79,,,,,
CIESM,r1i1p1f1,0.00,-,,-,-,,-,1,2.39,,,0.00,2.39,1.69,,,,,365_day,100.00
CMCC-CM2-SR5,r1i1p1f1,1.00,AORCM,,AORCM,AORCM,AORCM,AORCM,1,2.09,,0.75,0.00,2.09,1.58,3.52,,,,365_day,100.00
CMCC-ESM2,r1i1p1f1,1.00,AORCM,,AORCM,AORCM,AORCM,AORCM,1,,,,0.00,,1.64,,,,,365_day,100.00
CMCC-ESM2,r1i1p1f2,,,,,,,,0,,,0.75,,,,,,,,,
CNRM-CM6-1,r1i1p1f1,,,,,,,,0,,,0.79,,,,,,,,gregorian,
CNRM-CM6-1,r1i1p1f2,0.00,AORCM,,AORCM,ESD,ESD,AORCM,0,2.14,0.02,,1.00,2.14,1.82,4.83,CNRM,bc dust oa so4 ss,2222101100.00,,150.00
CNRM-CM6-1,r2i1p1f2,0.00,AORCM,,-,-,ESD,-,0,,0.02,,1.00,,1.82,,CNRM,bc dust oa so4 ss,,,
CNRM-CM6-1,r3i1p1f2,0.00,AORCM,,-,-,ESD,-,0,,0.02,,1.00,,1.81,,CNRM,bc dust oa so4 ss,,,
CNRM-CM6-1,r4i1p1f2,0.00,ESD,,-,-,-,-,0,,0.02,,1.00,,1.83,,CNRM,,,,
CNRM-CM6-1,r5i1p1f2,0.00,ESD,,-,-,-,-,0,,0.02,,1.00,,1.82,,CNRM,,,,
CNRM-CM6-1,r6i1p1f2,0.00,ESD,,-,-,-,-,0,,0.02,,1.00,,1.79,,CNRM,,,,
CNRM-CM6-1-HR,r1i1p1f1,,,,,,,,,,,,,,,,,,,gregorian,
CNRM-CM6-1-HR,r1i1p1f2,0.00,AORCM,,ESD,-,-,ESD,2,2.48,0.02,,0.00,2.48,,4.28,CNRM,,2222101100.00,,
CNRM-ESM2-1,r1i1p1f2,1.00,AORCM,AORCM,AORCM,AORCM,AORCM,AORCM,0,1.86,0.02,0.75,1.00,1.86,1.81,4.76,CNRM,bc dust oa so4 ss,2222222220.00,gregorian,150.00
CNRM-ESM2-1,r2i1p1f2,0.00,ESD,-,3Dml,3Dml,Basic,3Dml,0,,0.02,,1.00,,1.84,,CNRM,bc dust oa so4 ss,,,
CNRM-ESM2-1,r3i1p1f2,0.00,ESD,-,3Dml,3Dml,Basic,3Dml,0,,0.02,,1.00,,1.80,,CNRM,bc dust oa so4 ss,,,
CNRM-ESM2-1,r4i1p1f2,0.00,Basic,-,-,-,-,-,0,,0.02,,1.00,,1.78,,CNRM,bc dust oa so4 ss,,,
CNRM-ESM2-1,r5i1p1f2,0.00,Basic,-,-,-,-,-,0,,0.02,,1.00,,1.75,,CNRM,bc dust oa so4 ss,,,
CNRM-ESM2-1,r6i1p1f2,0.00,Basic,,,-,,,0,,,,1.00,,,,,,,,
CNRM-ESM2-1,r7i1p1f2,0.00,Basic,,,-,,,0,,,,1.00,,,,,,,,
CNRM-ESM2-1,r8i1p1f2,0.00,Basic,,,-,,,0,,,,1.00,,,,,,,,
CNRM-ESM2-1,r9i1p1f2,0.00,Basic,,,-,,,0,,,,1.00,,,,,,,,
CNRM-ESM2-1,r10i1p1f2,0.00,Basic,,,-,,,0,,,,1.00,,,,,,,,
CanESM5,r1i1p1f1,0.00,ESD,ESD,ESD,ESD,ESD,ESD,1,,,0.78,0.00,,1.73,5.62,CanESM,dust ss,2222222121.00,,
CanESM5,r1i1p2f1,1.00,AORCM,ESD,AORCM,AORCM,AORCM,AORCM,3,2.74,0.00,0.82,0.00,2.74,1.72,,CanESM,dust ss,,365_day,500.00
CanESM5,r2i1p1f1,0.00,ESD,ESD,ESD,ESD,ESD,ESD,1,,,,0.00,,1.75,,,dust ss,,,
CanESM5,r2i1p2f1,1.00,AORCM,ESD,AORCM,AORCM,AORCM,AORCM,3,2.74,0.00,,0.00,2.74,1.72,,CanESM,dust ss,,,500.00
CanESM5,r3i1p1f1,0.00,ESD,ESD,ESD,ESD,ESD,ESD,1,,,,0.00,,1.71,,,dust ss,,,
CanESM5,r3i1p2f1,1.00,AORCM,ESD,AORCM,AORCM,AORCM,AORCM,3,2.74,0.00,,0.00,2.74,1.71,,CanESM,dust ss,,,500.00
CanESM5,r4i1p1f1,0.00,ESD,ESD,ESD,ESD,ESD,ESD,1,,,,0.00,,1.71,,,dust ss,,,
CanESM5,r4i1p2f1,0.00,ESD,ESD,ESD,ESD,ESD,ESD,2,,0.00,,0.00,,1.72,,CanESM,dust ss,,,
CanESM5,r5i1p1f1,0.00,ESD,ESD,ESD,ESD,ESD,ESD,1,,,,0.00,,1.71,,,dust ss,,,
CanESM5,r5i1p2f1,0.00,ESD,ESD,ESD,ESD,ESD,ESD,2,,0.00,,0.00,,1.70,,CanESM,dust ss,,,
CanESM5,r6i1p1f1,0.00,ESD,ESD,ESD,ESD,ESD,ESD,1,,,,0.00,,1.72,,,dust ss,,,
CanESM5,r6i1p2f1,0.00,ESD,ESD,ESD,ESD,ESD,ESD,2,,0.00,,0.00,,1.71,,CanESM,dust ss,,,
CanESM5,r7i1p1f1,0.00,ESD,ESD,ESD,ESD,ESD,ESD,1,,,,0.00,,1.73,,,dust ss,,,
CanESM5,r7i1p2f1,0.00,ESD,ESD,ESD,ESD,ESD,ESD,2,,0.00,,0.00,,1.74,,CanESM,dust ss,,,
CanESM5,r8i1p1f1,0.00,ESD,ESD,ESD,ESD,ESD,ESD,1,,,,0.00,,1.68,,,dust ss,,,
CanESM5,r8i1p2f1,0.00,ESD,ESD,ESD,ESD,ESD,ESD,2,,0.00,,0.00,,1.71,,CanESM,dust ss,,,
CanESM5,r9i1p1f1,0.00,ESD,ESD,ESD,ESD,ESD,ESD,1,,,,0.00,,1.73,,,dust ss,,,
CanESM5,r9i1p2f1,0.00,ESD,ESD,ESD,ESD,ESD,ESD,2,,0.00,,0.00,,1.72,,CanESM,dust ss,,,
CanESM5,r10i1p1f1,0.00,ESD,Basic,ESD,ESD,ESD,ESD,1,,,,0.00,,1.70,,,dust ss,,,
CanESM5,r10i1p2f1,0.00,ESD,ESD,ESD,ESD,ESD,ESD,2,,0.00,,0.00,,1.73,,CanESM,dust ss,,,
CanESM5,r11i1p1f1,0.00,ESD,ESD,Basic,Basic,Basic,Basic,1,,,,0.00,,1.72,,,dust ss,,,
CanESM5,r11i1p2f1,0.00,Basic,ESD,Basic,Basic,Basic,Basic,2,,0.00,,0.00,,1.71,,CanESM,dust ss,,,
CanESM5,r12i1p1f1,0.00,ESD,ESD,Basic,Basic,Basic,Basic,1,,,,0.00,,1.73,,,dust ss,,,
CanESM5,r12i1p2f1,0.00,Basic,ESD,Basic,Basic,Basic,Basic,2,,0.00,,0.00,,1.72,,CanESM,dust ss,,,
CanESM5,r13i1p1f1,0.00,ESD,ESD,Basic,Basic,Basic,Basic,1,,,,0.00,,1.73,,,dust ss,,,
CanESM5,r13i1p2f1,0.00,Basic,ESD,Basic,Basic,Basic,Basic,2,,0.00,,0.00,,1.73,,CanESM,dust ss,,,
CanESM5,r14i1p1f1,0.00,ESD,ESD,Basic,Basic,Basic,Basic,1,,,,0.00,,1.69,,,dust ss,,,
CanESM5,r14i1p2f1,0.00,Basic,ESD,Basic,Basic,Basic,Basic,2,,0.00,,0.00,,1.72,,CanESM,dust ss,,,
CanESM5,r15i1p1f1,0.00,ESD,ESD,Basic,Basic,Basic,Basic,1,,,,0.00,,1.70,,,dust ss,,,
CanESM5,r15i1p2f1,0.00,Basic,ESD,Basic,Basic,Basic,Basic,2,,0.00,,0.00,,1.72,,CanESM,dust ss,,,
CanESM5,r16i1p1f1,0.00,ESD,ESD,Basic,Basic,Basic,Basic,1,,,,0.00,,1.71,,,dust ss,,,
CanESM5,r16i1p2f1,0.00,Basic,ESD,Basic,Basic,Basic,Basic,2,,0.00,,0.00,,1.72,,CanESM,dust ss,,,
CanESM5,r17i1p1f1,0.00,ESD,ESD,Basic,Basic,Basic,Basic,1,,,,0.00,,1.69,,,dust ss,,,
CanESM5,r17i1p2f1,0.00,Basic,ESD,Basic,Basic,Basic,Basic,2,,0.00,,0.00,,1.74,,CanESM,dust ss,,,
CanESM5,r18i1p1f1,0.00,ESD,ESD,Basic,Basic,Basic,Basic,1,,,,0.00,,1.70,,,dust ss,,,
CanESM5,r18i1p2f1,0.00,Basic,ESD,Basic,Basic,Basic,Basic,2,,0.00,,0.00,,1.72,,CanESM,dust ss,,,
CanESM5,r19i1p1f1,0.00,ESD,ESD,Basic,Basic,Basic,Basic,1,,,,0.00,,1.72,,,dust ss,,,
CanESM5,r19i1p2f1,0.00,Basic,ESD,Basic,Basic,Basic,Basic,2,,0.00,,0.00,,1.69,,CanESM,dust ss,,,
CanESM5,r20i1p1f1,0.00,ESD,ESD,Basic,Basic,Basic,Basic,1,,,,0.00,,1.72,,,dust ss,,,
CanESM5,r20i1p2f1,0.00,Basic,ESD,Basic,Basic,Basic,Basic,2,,0.00,,0.00,,1.70,,CanESM,dust ss,,,
CanESM5,r21i1p1f1,0.00,ESD,ESD,Basic,Basic,Basic,Basic,1,,,,0.00,,1.72,,,dust ss,,,
CanESM5,r21i1p2f1,0.00,Basic,ESD,Basic,Basic,Basic,Basic,2,,0.00,,0.00,,1.71,,CanESM,dust ss,,,
CanESM5,r22i1p1f1,0.00,ESD,ESD,Basic,Basic,Basic,Basic,1,,,,0.00,,1.72,,,dust ss,,,
CanESM5,r22i1p2f1,0.00,Basic,ESD,Basic,Basic,Basic,Basic,2,,0.00,,0.00,,1.69,,CanESM,dust ss,,,
CanESM5,r23i1p1f1,0.00,ESD,ESD,Basic,Basic,Basic,Basic,1,,,,0.00,,1.70,,,dust ss,,,
CanESM5,r23i1p2f1,0.00,Basic,ESD,Basic,Basic,Basic,Basic,2,,0.00,,0.00,,1.72,,CanESM,dust ss,,,
CanESM5,r24i1p1f1,0.00,ESD,ESD,Basic,Basic,Basic,Basic,1,,,,0.00,,1.73,,,dust ss,,,
CanESM5,r24i1p2f1,0.00,Basic,ESD,Basic,Basic,Basic,Basic,2,,0.00,,0.00,,1.73,,CanESM,dust ss,,,
CanESM5,r25i1p1f1,0.00,ESD,ESD,Basic,Basic,Basic,Basic,1,,,,0.00,,1.74,,,dust ss,,,
CanESM5,r25i1p2f1,0.00,Basic,ESD,Basic,Basic,Basic,Basic,2,,0.00,,0.00,,1.72,,CanESM,dust ss,,,
CanESM5,r26i1p2f1,0.00,-,,,,,,1,,0.00,,,,,,,,,,
CanESM5,r27i1p2f1,0.00,-,,,,,,1,,0.00,,,,,,,,,,
CanESM5,r28i1p2f1,0.00,-,,,,,,1,,0.00,,,,,,,,,,
CanESM5,r29i1p2f1,0.00,-,,,,,,1,,0.00,,,,,,,,,,
CanESM5,r30i1p2f1,0.00,-,,,,,,1,,0.00,,,,,,,,,,
CanESM5,r31i1p2f1,0.00,-,,,,,,1,,0.00,,,,,,,,,,
CanESM5,r32i1p2f1,0.00,-,,,,,,1,,0.00,,,,,,,,,,
CanESM5,r33i1p2f1,0.00,-,,,,,,1,,0.00,,,,,,,,,,
CanESM5,r34i1p2f1,0.00,-,,,,,,1,,0.00,,,,,,,,,,
CanESM5,r35i1p2f1,0.00,-,,,,,,1,,0.00,,,,,,,,,,
CanESM5,r36i1p2f1,0.00,-,,,,,,1,,0.00,,,,,,,,,,
CanESM5,r37i1p2f1,0.00,-,,,,,,1,,0.00,,,,,,,,,,
CanESM5,r38i1p2f1,0.00,-,,,,,,1,,0.00,,,,,,,,,,
CanESM5,r39i1p2f1,0.00,-,,,,,,1,,0.00,,,,,,,,,,
CanESM5,r40i1p2f1,0.00,-,,,,,,1,,0.00,,,,,,,,,,
CanESM5,r41i1p2f1,,,,,,,,1,,0.00,,,,,,,,,,
CanESM5,r42i1p2f1,,,,,,,,1,,0.00,,,,,,,,,,
CanESM5,r43i1p2f1,,,,,,,,1,,0.00,,,,,,,,,,
CanESM5,r44i1p2f1,,,,,,,,1,,0.00,,,,,,,,,,
CanESM5,r45i1p2f1,,,,,,,,1,,0.00,,,,,,,,,,
CanESM5,r46i1p2f1,,,,,,,,1,,0.00,,,,,,,,,,
CanESM5,r47i1p2f1,,,,,,,,1,,0.00,,,,,,,,,,
CanESM5,r48i1p2f1,,,,,,,,1,,0.00,,,,,,,,,,
CanESM5,r49i1p2f1,,,,,,,,1,,0.00,,,,,,,,,,
CanESM5,r50i1p2f1,,,,,,,,1,,0.00,,,,,,,,,,
CanESM5-CanOE,r1i1p1f1,,,,,,,,1,,0.00,,,,,,CanESM,,,365_day,
CanESM5-CanOE,r1i1p2f1,0.00,-,,-,-,-,-,1,,,,0.00,,,,,dust ss,,,
CanESM5-CanOE,r2i1p1f1,,,,,,,,1,,0.00,,,,,,CanESM,,,,
CanESM5-CanOE,r2i1p2f1,0.00,-,,-,-,-,-,,,,,,,,,,dust ss,,,
CanESM5-CanOE,r3i1p1f1,,,,,,,,1,,0.00,,,,,,CanESM,,,,
CanESM5-CanOE,r3i1p2f1,0.00,-,,-,-,-,-,,,,,,,,,,dust ss,,,
E3SM-1-0,r1i1p1f1,0.00,Basic,,,,,Basic,1,2.99,,,,2.99,1.49,5.32,,,,,100.00
E3SM-1-0,r2i1p1f1,0.00,Basic,,,,,Basic,,,,,,,1.50,,,,,,
E3SM-1-0,r3i1p1f1,0.00,Basic,,,,,Basic,,,,,,,1.49,,,,,,
E3SM-1-0,r5i1p1f1,0.00,Basic,,,,,Basic,,,,,,,1.49,,,,,,
E3SM-1-1,r1i1p1f1,0.00,-,,,-,,-,,,,,,,,,,,,365_day,100.00
E3SM-1-1-ECA,r1i1p1f1,0.00,-,,,,,Basic,,,,,,,,,,,,,100.00
EC-Earth3,r1i1p1f1,1.00,AORCM,-,AORCM,AORCM,AORCM,AORCM,1,2.30,0.01,0.82,0.00,2.30,1.59,,EC-Earth,MACv2-SP approach,2222101000.00,gregorian,100.00
EC-Earth3,r2i1p1f1,0.00,Basic,,,Basic,,,1,,0.01,,0.00,,,,EC-Earth,,,,
EC-Earth3,r3i1p1f1,0.00,ESD,,,,,ESD,0,,0.01,,,,,,EC-Earth,,,,
EC-Earth3,r4i1p1f1,0.00,ESD,ESD,ESD,ESD,ESD,ESD,1,,0.01,,0.00,,,,EC-Earth,,,,
EC-Earth3,r5i1p1f1,0.00,RCM,RCM,RCM,RCM,RCM,RCM,0,,0.01,,,,,,EC-Earth,,,,
EC-Earth3,r6i1p1f1,0.00,ESD,,ESD,ESD,ESD,ESD,1,,0.01,,0.00,,,,EC-Earth,,,,
EC-Earth3,r7i1p1f1,0.00,Basic,,,Basic,,,1,,0.01,,0.00,,,,EC-Earth,,,,
EC-Earth3,r9i1p1f1,0.00,ESD,,ESD,ESD,ESD,ESD,1,,,,0.00,,,,,,,,
EC-Earth3,r10i1p1f1,0.00,Basic,,,Basic,,,1,,,,0.00,,,,,,,,
EC-Earth3,r11i1p1f1,0.00,RCM,,RCM,RCM,RCM,RCM,1,,,,0.00,,,,,,,,
EC-Earth3,r12i1p1f1,0.00,Basic,,,Basic,,,1,,,,0.00,,,,,,,,
EC-Earth3,r13i1p1f1,0.00,ESD,,ESD,ESD,ESD,ESD,1,,,,0.00,,,,,,,,
EC-Earth3,r14i1p1f1,0.00,Basic,,,Basic,,,1,,,,0.00,,,,,,,,
EC-Earth3,r15i1p1f1,0.00,ESD,,ESD,ESD,ESD,ESD,1,,,,0.00,,,,,,,,
EC-Earth3,r16i1p1f1,0.00,Basic,,,Basic,,,1,,,,0.00,,,,,,,,
EC-Earth3,r17i1p1f1,0.00,Basic,,,Basic,,,1,,,,0.00,,,,,,,,
EC-Earth3,r18i1p1f1,0.00,Basic,,,Basic,,,1,,,,0.00,,,,,,,,
EC-Earth3,r19i1p1f1,0.00,Basic,,,Basic,,,1,,,,0.00,,,,,,,,
EC-Earth3,r20i1p1f1,0.00,Basic,,,Basic,,,1,,,,0.00,,,,,,,,
EC-Earth3,r21i1p1f1,0.00,Basic,,,Basic,,,1,,,,0.00,,,,,,,,
EC-Earth3,r22i1p1f1,0.00,Basic,,,Basic,,,1,,,,0.00,,,,,,,,
EC-Earth3,r23i1p1f1,0.00,Basic,,,Basic,,,1,,,,0.00,,,,,,,,
EC-Earth3,r24i1p1f1,0.00,Basic,,,Basic,,,1,,,,0.00,,,,,,,,
EC-Earth3,r25i1p1f1,0.00,Basic,,,Basic,,,1,,,,0.00,,,,,,,,
EC-Earth3-AerChem,r1i1p1f1,0.00,Basic,,,,ESD,,,,,,,,,,,bc dust no3 oa so4 ss,2222102000.00,,100.00
EC-Earth3-AerChem,r4i1p1f1,0.00,Basic,,,ESD,ESD,,,,,,,,,,,bc dust no3 oa so4 ss,,,
EC-Earth3-CC,r1i1p1f1,0.00,Basic,,,ESD,,ESD,,,,,,,,,,,2222221020.00,gregorian,100.00
EC-Earth3-Veg,r1i1p1f1,1.00,AORCM,AORCM,AORCM,AORCM,AORCM,AORCM,2,2.62,0.01,0.80,0.00,2.62,,4.31,EC-Earth,MACv2-SP approach,2222221000.00,gregorian,100.00
EC-Earth3-Veg,r2i1p1f1,0.00,RCM,RCM,RCM,RCM,RCM,RCM,2,2.62,0.01,,0.00,2.62,,4.31,EC-Earth,MACv2-SP approach,2222221000.00,gregorian,100.00
EC-Earth3-Veg,r3i1p1f1,0.00,RCM,RCM,RCM,RCM,RCM,RCM,2,2.62,0.01,,0.00,2.62,,4.31,EC-Earth,MACv2-SP approach,2222221000.00,gregorian,100.00
EC-Earth3-Veg,r4i1p1f1,0.00,Basic,,ESD,ESD,ESD,ESD,1,,,,0.00,,,4.31,EC-Earth,,,gregorian,
EC-Earth3-Veg,r5i1p1f1,0.00,Basic,,,Basic,,,,,,,,,,4.31,EC-Earth,,,gregorian,
EC-Earth3-Veg,r6i1p1f1,0.00,Basic,,ESD,ESD,,ESD,2,2.62,0.01,,0.00,2.62,,4.31,EC-Earth,,2222221000.00,gregorian,100.00
EC-Earth3-Veg-LR,r1i1p1f1,0.00,Basic,ESD,ESD,ESD,ESD,ESD,,,,,,,,,,,2222221000.00,gregorian,250.00
FGOALS-f3-L,r1i1p1f1,0.00,3Dml,,-,-,-,-,1,1.94,0.03,,0.00,1.94,,3.00,,,,365_day,100.00
FGOALS-g3,r1i1p1f1,0.00,3Dml,3Dml,3Dml,ESD,3Dml,ESD,1,1.54,0.00,,1.00,1.54,1.86,2.88,,,,365_day,250.00
FGOALS-g3,r2i1p1f1,0.00,-,,3Dml,3Dml,3Dml,3Dml,0,,,,1.00,,1.94,,,,,,
FGOALS-g3,r3i1p1f1,0.00,3Dml,,3Dml,3Dml,3Dml,3Dml,0,,,,1.00,,1.84,,,,,,
FGOALS-g3,r4i1p1f1,0.00,3Dml,,3Dml,3Dml,3Dml,3Dml,0,,,,1.00,,1.96,,,,,,
FIO-ESM-2-0,r1i1p1f1,0.00,-,,-,-,,-,1,2.22,0.08,,0.00,2.22,1.51,,,,,365_day,100.00
FIO-ESM-2-0,r2i1p1f1,0.00,-,,-,-,,-,1,,0.08,,0.00,,1.50,,,,,,
FIO-ESM-2-0,r3i1p1f1,0.00,-,,-,-,,-,1,,0.08,,0.00,,1.51,,,,,,
GFDL-CM4,r1i1p1f1,0.00,ESD,,,ESD,,ESD,0,,,,1.00,,,,,,2222212110.00,,100.00
GFDL-ESM4,r1i1p1f1,0.00,Basic,Basic,Basic,Basic,Basic,Basic,0,1.61,0.13,,1.00,1.61,,,,bc dust no3 oa so4 ss,2222222220.00,,100.00
GFDL-ESM4,r2i1p1f1,0.00,Basic,,,-,,,0,,,,1.00,,,,,,,,
GFDL-ESM4,r3i1p1f1,0.00,Basic,,,-,,,0,,,,1.00,,,,,,,,
GISS-E2-1-G,r1i1p1f1,0.00,3Dml,,,,,,0,1.80,,,,1.80,,2.72,,,2222101100.00,365_day,250.00
GISS-E2-1-G,r1i1p1f2,0.00,3Dml,3Dml,3Dml,3Dml,3Dml,3Dml,,,,,,,1.82,,,,,,
GISS-E2-1-G,r1i1p3f1,0.00,-,-,-,-,-,-,0,,0.05,,1.00,,2.00,,,bb bc dust no3 oa so4 ss,,,
GISS-E2-1-G,r1i1p3f2,0.00,,,,,-,,,,,,,,,,,bb bc dust no3 oa so4 ss,,,
GISS-E2-1-G,r1i1p5f1,0.00,-,-,-,-,-,-,0,,,,1.00,,,,,,,,
GISS-E2-1-G,r2i1p1f2,0.00,-,-,-,3Dml,-,-,,,,,,,1.98,,,,,,
GISS-E2-1-G,r2i1p3f1,0.00,-,,-,-,-,-,0,,,,1.00,,1.99,,,bb bc dust no3 oa so4 ss,,,
GISS-E2-1-G,r2i1p3f2,0.00,,,,,-,,,,,,,,,,,bb bc dust no3 oa so4 ss,,,
GISS-E2-1-G,r2i1p5f1,0.00,-,,-,-,-,-,0,,,,1.00,,1.98,,,,,,
GISS-E2-1-G,r3i1p1f2,0.00,-,-,-,-,-,-,,,,,,,2.04,,,,,,
GISS-E2-1-G,r3i1p3f1,0.00,-,,-,-,-,-,0,,,,1.00,,1.98,,,bb bc dust no3 oa so4 ss,,,
GISS-E2-1-G,r3i1p3f2,0.00,,,,,-,,,,,,,,,,,bb bc dust no3 oa so4 ss,,,
GISS-E2-1-G,r3i1p5f1,0.00,-,,-,-,-,-,0,,,,1.00,,1.98,,,,,,
GISS-E2-1-G,r4i1p1f2,0.00,-,-,-,-,-,-,,,,,,,2.04,,,,,,
GISS-E2-1-G,r4i1p3f1,0.00,-,,-,-,-,-,0,,,,1.00,,2.00,,,bb bc dust no3 oa so4 ss,,,
GISS-E2-1-G,r4i1p5f1,0.00,-,,-,-,-,-,0,,,,1.00,,2.03,,,,,,
GISS-E2-1-G,r5i1p3f1,0.00,-,,-,-,,-,0,,,,1.00,,,,,,,,
GISS-E2-1-H,r1i1p1f1,0.00,-,,,,,,0,1.93,,,,1.93,,3.11,,,,365_day,250.00
GISS-E2-1-H,r1i1p1f2,0.00,-,-,-,-,-,-,,,,,,,1.80,,,,,,
GISS-E2-1-H,r1i1p3f1,0.00,-,-,-,-,-,-,,,,,,,1.84,,,bb bc dust no3 oa so4 ss,,,
GISS-E2-1-H,r2i1p1f2,0.00,-,,-,-,-,-,,,,,,,1.83,,,,,,
GISS-E2-1-H,r2i1p3f1,0.00,-,,-,-,,-,,,,,,,1.77,,,,,,
GISS-E2-1-H,r3i1p1f2,0.00,-,,-,-,-,-,,,,,,,1.82,,,,,,
GISS-E2-1-H,r3i1p3f1,0.00,-,,-,-,,-,,,,,,,1.82,,,,,,
GISS-E2-1-H,r4i1p1f2,0.00,-,,-,-,-,-,,,,,,,1.85,,,,,,
GISS-E2-1-H,r4i1p3f1,0.00,-,,-,-,,-,,,,,,,1.83,,,,,,
GISS-E2-1-H,r5i1p1f2,0.00,-,,-,-,-,-,,,,,,,1.83,,,,,,
GISS-E2-1-H,r5i1p3f1,0.00,-,,-,-,,-,,,,,,,1.85,,,,,,
GISS-E2-2-G,r1i1p1f1,0.00,Basic,,,,,,0,1.71,,,,1.71,,,,,,,
HadGEM3-GC31-LL,r1i1p1f1,,,,,,,,1,2.55,,,,2.55,,,,,,360_day,
HadGEM3-GC31-LL,r1i1p1f3,0.00,AORCM,,AORCM,AORCM,,AORCM,2,,0.00,0.82,0.00,,1.56,5.55,HadGEM,,,,
HadGEM3-GC31-LL,r2i1p1f3,0.00,ESD,,,Basic,,ESD,,,,,,,1.55,,,,,,
HadGEM3-GC31-LL,r3i1p1f3,0.00,ESD,,,Basic,,ESD,,,,,,,1.54,,,,,,
HadGEM3-GC31-LL,r4i1p1f3,0.00,ESD,,,Basic,,ESD,,,,,,,1.59,,,,,,
HadGEM3-GC31-MM,r1i1p1f1,,,,,,,,1,2.58,,,,2.58,,,,,,360_day,
HadGEM3-GC31-MM,r1i1p1f3,0.00,AORCM,,AORCM,,,AORCM,,,,,,,1.57,5.42,,,2222002000.00,,100.00
HadGEM3-GC31-MM,r2i1p1f3,0.00,ESD,,,,,ESD,,,,,,,1.56,,,,,,
HadGEM3-GC31-MM,r3i1p1f3,0.00,ESD,,,,,ESD,,,,,,,1.59,,,,,,
HadGEM3-GC31-MM,r4i1p1f3,0.00,ESD,,,,,ESD,,,,,,,1.57,,,,,,
IITM-ESM,r1i1p1f1,0.00,3Dml,,3Dml,3Dml,3Dml,3Dml,0,1.71,,,,1.71,1.76,,,,2222101020.00,standard,250.00
INM-CM4-8,r1i1p1f1,0.00,ESD,,ESD,ESD,ESD,ESD,0,1.33,0.01,,1.00,1.33,1.66,1.83,INM,bc dust oa so4 ss,,365_day,100.00
INM-CM5-0,r1i1p1f1,0.00,ESD,,ESD,ESD,ESD,ESD,0,1.39,0.04,,1.00,1.39,1.48,1.92,INM,bc dust oa so4 ss,,365_day,100.00
INM-CM5-0,r2i1p1f1,0.00,ESD,,,,ESD,,,,,,,,,,,bc dust oa so4 ss,,,
INM-CM5-0,r3i1p1f1,0.00,ESD,,,,ESD,,,,,,,,,,,bc dust oa so4 ss,,,
INM-CM5-0,r4i1p1f1,0.00,ESD,,,,ESD,,,,,,,,,,,bc dust oa so4 ss,,,
INM-CM5-0,r5i1p1f1,0.00,ESD,,,,ESD,,,,,,,,,,,bc dust oa so4 ss,,,
IPSL-CM5A2-INCA,r1i1p1f1,0.00,3Dml,,3Dml,,3Dml,,,,,,,,,,,bc dust no3 oa so4 ss,,,500.00
IPSL-CM6A-LR,r1i1p1f1,1.00,AORCM,AORCM,AORCM,AORCM,AORCM,AORCM,1,2.32,0.02,0.83,0.00,2.32,1.81,4.56,,bc dust no3 oa so4 ss,2222221121.00,gregorian,250.00
IPSL-CM6A-LR,r2i1p1f1,1.00,AORCM,AORCM,AORCM,AORCM,AORCM,AORCM,1,2.32,0.02,,0.00,2.32,1.82,,,bc dust no3 oa so4 ss,,,250.00
IPSL-CM6A-LR,r3i1p1f1,1.00,AORCM,AORCM,AORCM,AORCM,AORCM,AORCM,1,2.32,0.02,,0.00,2.32,1.82,,,bc dust no3 oa so4 ss,,,250.00
IPSL-CM6A-LR,r4i1p1f1,1.00,AORCM,AORCM,AORCM,AORCM,AORCM,AORCM,1,2.32,0.02,,0.00,2.32,1.85,,,bc dust no3 oa so4 ss,,,250.00
IPSL-CM6A-LR,r5i1p1f1,0.00,AORCM,,,AORCM,AORCM,,1,2.32,0.02,,0.00,2.32,,,,bc dust no3 oa so4 ss,,,250.00
IPSL-CM6A-LR,r6i1p1f1,1.00,AORCM,AORCM,AORCM,AORCM,AORCM,AORCM,1,2.32,0.02,,0.00,2.32,1.75,,,bc dust no3 oa so4 ss,,,250.00
IPSL-CM6A-LR,r7i1p1f1,0.00,AORCM,,,,AORCM,,,,,,,,,,,bc dust no3 oa so4 ss,,,
IPSL-CM6A-LR,r8i1p1f1,0.00,AORCM,,,,AORCM,,,,,,,,,,,bc dust no3 oa so4 ss,,,
IPSL-CM6A-LR,r9i1p1f1,0.00,AORCM,,,,AORCM,,,,,,,,,,,bc dust no3 oa so4 ss,,,
IPSL-CM6A-LR,r10i1p1f1,0.00,AORCM,,,AORCM,AORCM,,1,,,,0.00,,,,,bc dust no3 oa so4 ss,,,
IPSL-CM6A-LR,r11i1p1f1,0.00,AORCM,,,AORCM,,,1,,,,0.00,,,,,,,,
IPSL-CM6A-LR,r14i1p1f1,1.00,AORCM,AORCM,AORCM,AORCM,AORCM,AORCM,1,2.32,0.02,,0.00,2.32,1.82,,,bc dust no3 oa so4 ss,,,250.00
IPSL-CM6A-LR,r22i1p1f1,0.00,AORCM,,,AORCM,,,1,,,,0.00,,,,,,,,
IPSL-CM6A-LR,r25i1p1f1,0.00,AORCM,,,AORCM,,,1,,,,0.00,,,,,,,,
IPSL-CM6A-LR,r33i1p1f1,0.00,AORCM,,,,,AORCM,,,,,,,1.81,,,,,,
KACE-1-0-G,r1i1p1f1,0.00,ESD,,ESD,ESD,ESD,ESD,1,1.41,0.05,,0.00,1.41,1.63,,HadGEM,,,360_day,250.00
KACE-1-0-G,r2i1p1f1,0.00,ESD,,ESD,ESD,ESD,ESD,1,,,,0.00,,1.67,4.48,,,,,
KACE-1-0-G,r3i1p1f1,0.00,ESD,,ESD,ESD,ESD,ESD,1,,,,0.00,,1.67,,,,,,
KIOST-ESM,r1i1p1f1,0.00,Basic,,Basic,Basic,,Basic,0,,,,1.00,,,,,,2222221120.00,365_day,250.00
MCM-UA-1-0,r1i1p1f1,0.00,-,,,,,,0,1.94,,,1.00,1.94,1.54,3.65,,,,365_day,250.00
MCM-UA-1-0,r1i1p1f2,0.00,-,,-,-,-,-,0,,0.02,,,,,,,,,,
MIROC6,r1i1p1f1,1.00,AORCM,ESD,AORCM,AORCM,AORCM,AORCM,0,1.55,0.02,0.80,1.00,1.55,1.59,2.61,,bc dust oa so4 ss,,gregorian,250.00
MIROC6,r2i1p1f1,0.00,ESD,ESD,ESD,ESD,ESD,ESD,0,,0.02,,1.00,,1.66,,,bc dust oa so4 ss,,,
MIROC6,r3i1p1f1,0.00,ESD,ESD,ESD,ESD,ESD,ESD,0,,0.02,,1.00,,1.58,,,bc dust oa so4 ss,2222102000.00,,
MIROC6,r4i1p1f1,0.00,ESD,ESD,Basic,Basic,Basic,Basic,,,,,,,1.57,,,,,,
MIROC6,r5i1p1f1,0.00,ESD,ESD,Basic,Basic,Basic,Basic,,,,,,,1.59,,,,,,
MIROC6,r6i1p1f1,0.00,ESD,ESD,Basic,Basic,Basic,Basic,,,,,,,1.61,,,,,,
MIROC6,r7i1p1f1,0.00,ESD,ESD,Basic,Basic,Basic,Basic,,,,,,,1.63,,,,,,
MIROC6,r8i1p1f1,0.00,ESD,ESD,Basic,Basic,Basic,Basic,,,,,,,1.59,,,,,,
MIROC6,r10i1p1f1,0.00,ESD,ESD,Basic,Basic,Basic,Basic,,,,,,,1.60,,,,,,
MIROC6,r11i1p1f1,0.00,Basic,ESD,Basic,Basic,Basic,Basic,,,,,,,1.63,,,,,,
MIROC6,r12i1p1f1,0.00,Basic,ESD,Basic,Basic,Basic,Basic,,,,,,,1.63,,,,,,
MIROC6,r13i1p1f1,0.00,Basic,ESD,Basic,Basic,Basic,Basic,,,,,,,1.57,,,,,,
MIROC6,r14i1p1f1,0.00,Basic,ESD,Basic,Basic,Basic,Basic,,,,,,,1.58,,,,,,
MIROC6,r15i1p1f1,0.00,Basic,ESD,Basic,Basic,Basic,Basic,,,,,,,1.56,,,,,,
MIROC6,r16i1p1f1,0.00,Basic,ESD,Basic,Basic,Basic,Basic,,,,,,,1.60,,,,,,
MIROC6,r17i1p1f1,0.00,Basic,ESD,Basic,Basic,Basic,Basic,,,,,,,1.62,,,,,,
MIROC6,r18i1p1f1,0.00,Basic,ESD,Basic,Basic,Basic,Basic,,,,,,,1.59,,,,,,
MIROC6,r19i1p1f1,0.00,Basic,ESD,Basic,Basic,Basic,Basic,,,,,,,1.60,,,,,,
MIROC6,r20i1p1f1,0.00,Basic,ESD,Basic,Basic,Basic,Basic,,,,,,,1.59,,,,,,
MIROC6,r21i1p1f1,0.00,Basic,ESD,Basic,Basic,Basic,Basic,,,,,,,1.59,,,,,,
MIROC6,r22i1p1f1,0.00,Basic,ESD,Basic,Basic,Basic,Basic,,,,,,,1.59,,,,,,
MIROC6,r23i1p1f1,0.00,Basic,ESD,Basic,Basic,Basic,Basic,,,,,,,1.59,,,,,,
MIROC6,r24i1p1f1,0.00,Basic,ESD,Basic,Basic,Basic,Basic,,,,,,,1.59,,,,,,
MIROC6,r25i1p1f1,0.00,Basic,ESD,Basic,Basic,Basic,Basic,,,,,,,1.56,,,,,,
MIROC6,r26i1p1f1,0.00,Basic,ESD,Basic,Basic,Basic,Basic,,,,,,,1.62,,,,,,
MIROC6,r27i1p1f1,0.00,Basic,ESD,Basic,Basic,Basic,Basic,,,,,,,1.60,,,,,,
MIROC6,r28i1p1f1,0.00,Basic,ESD,Basic,Basic,Basic,Basic,,,,,,,1.64,,,,,,
MIROC6,r29i1p1f1,0.00,Basic,ESD,Basic,Basic,Basic,Basic,,,,,,,1.55,,,,,,
MIROC6,r30i1p1f1,0.00,Basic,ESD,Basic,Basic,Basic,Basic,,,,,,,1.62,,,,,,
MIROC6,r31i1p1f1,0.00,Basic,ESD,Basic,Basic,Basic,Basic,,,,,,,1.58,,,,,,
MIROC6,r32i1p1f1,0.00,Basic,ESD,Basic,Basic,Basic,Basic,,,,,,,1.66,,,,,,
MIROC6,r33i1p1f1,0.00,Basic,ESD,Basic,Basic,Basic,Basic,,,,,,,1.60,,,,,,
MIROC6,r34i1p1f1,0.00,Basic,ESD,Basic,Basic,Basic,Basic,,,,,,,1.58,,,,,,
MIROC6,r35i1p1f1,0.00,Basic,ESD,Basic,Basic,Basic,Basic,,,,,,,1.61,,,,,,
MIROC6,r36i1p1f1,0.00,Basic,ESD,Basic,Basic,Basic,Basic,,,,,,,1.58,,,,,,
MIROC6,r37i1p1f1,0.00,Basic,ESD,Basic,Basic,Basic,Basic,,,,,,,1.65,,,,,,
MIROC6,r38i1p1f1,0.00,Basic,ESD,Basic,Basic,Basic,Basic,,,,,,,1.60,,,,,,
MIROC6,r39i1p1f1,0.00,Basic,ESD,Basic,Basic,Basic,Basic,,,,,,,1.56,,,,,,
MIROC6,r40i1p1f1,0.00,Basic,ESD,Basic,Basic,Basic,Basic,,,,,,,1.60,,,,,,
MIROC6,r41i1p1f1,0.00,Basic,ESD,Basic,Basic,Basic,Basic,,,,,,,1.60,,,,,,
MIROC6,r42i1p1f1,0.00,Basic,ESD,Basic,Basic,Basic,Basic,,,,,,,1.59,,,,,,
MIROC6,r43i1p1f1,0.00,Basic,ESD,Basic,Basic,Basic,Basic,,,,,,,1.59,,,,,,
MIROC6,r45i1p1f1,0.00,Basic,ESD,Basic,Basic,Basic,Basic,,,,,,,1.56,,,,,,
MIROC6,r46i1p1f1,0.00,Basic,ESD,Basic,Basic,Basic,Basic,,,,,,,1.63,,,,,,
MIROC6,r47i1p1f1,0.00,Basic,ESD,Basic,Basic,Basic,Basic,,,,,,,1.55,,,,,,
MIROC6,r48i1p1f1,0.00,Basic,ESD,Basic,Basic,Basic,Basic,,,,,,,1.58,,,,,,
MIROC6,r49i1p1f1,0.00,Basic,ESD,Basic,Basic,Basic,Basic,,,,,,,1.61,,,,,,
MIROC6,r50i1p1f1,0.00,Basic,ESD,Basic,Basic,Basic,Basic,,,,,,,1.59,,,,,,
MIROC-ES2L,r1i1p1f2,1.00,AORCM,AORCM,AORCM,AORCM,AORCM,AORCM,1,1.55,0.00,0.77,1.00,1.55,1.75,2.68,,dust oa so4,,gregorian,500.00
MIROC-ES2L,r2i1p1f2,1.00,AORCM,AORCM,AORCM,AORCM,AORCM,AORCM,0,,,,1.00,,1.81,,,dust oa so4,,,
MIROC-ES2L,r3i1p1f2,1.00,AORCM,AORCM,AORCM,AORCM,AORCM,AORCM,0,,,,1.00,,1.75,,,dust oa so4,,,
MIROC-ES2L,r4i1p1f2,1.00,AORCM,AORCM,AORCM,AORCM,AORCM,AORCM,0,,,,1.00,,1.76,,,dust oa so4,,,
MIROC-ES2L,r5i1p1f2,1.00,AORCM,AORCM,AORCM,AORCM,AORCM,AORCM,0,,,,1.00,,1.75,,,dust oa so4,2222022020.00,,
MIROC-ES2L,r6i1p1f2,1.00,AORCM,AORCM,AORCM,AORCM,AORCM,AORCM,0,,,,1.00,,1.77,,,dust oa so4,,,
MIROC-ES2L,r7i1p1f2,1.00,AORCM,AORCM,AORCM,AORCM,AORCM,AORCM,0,,,,1.00,,1.74,,,dust oa so4,,,
MIROC-ES2L,r8i1p1f2,1.00,AORCM,AORCM,AORCM,AORCM,AORCM,AORCM,0,,,,1.00,,1.77,,,dust oa so4,,,
MIROC-ES2L,r9i1p1f2,1.00,AORCM,AORCM,AORCM,AORCM,AORCM,AORCM,0,,,,1.00,,1.74,,,dust oa so4,,,
MIROC-ES2L,r10i1p1f2,1.00,AORCM,AORCM,AORCM,AORCM,AORCM,AORCM,0,,,,1.00,,1.77,,,dust oa so4,,,
MPI-ESM1-2-HR,r1i1p1f1,1.00,AORCM,,AORCM,AORCM,AORCM,AORCM,0,1.66,0.08,0.84,1.00,1.66,1.78,2.98,MPI,,2222221020.00,gregorian,100.00
MPI-ESM1-2-HR,r2i1p1f1,1.00,AORCM,,AORCM,AORCM,AORCM,AORCM,0,1.66,0.08,,1.00,1.66,,,MPI,,,gregorian,100.00
MPI-ESM1-2-LR,r1i1p1f1,1.00,AORCM,AORCM,AORCM,AORCM,AORCM,AORCM,0,1.84,0.06,0.82,1.00,1.84,1.78,3.00,MPI,,2222221020.00,gregorian,250.00
MPI-ESM1-2-LR,r2i1p1f1,1.00,AORCM,AORCM,AORCM,AORCM,AORCM,AORCM,0,1.84,0.06,,1.00,1.84,1.76,,MPI,,,,250.00
MPI-ESM1-2-LR,r3i1p1f1,1.00,AORCM,AORCM,AORCM,AORCM,AORCM,AORCM,0,1.84,0.06,,1.00,1.84,1.74,,MPI,,,,250.00
MPI-ESM1-2-LR,r4i1p1f1,1.00,AORCM,AORCM,AORCM,AORCM,AORCM,AORCM,0,1.84,0.06,,1.00,1.84,1.77,,MPI,,,,250.00
MPI-ESM1-2-LR,r5i1p1f1,1.00,AORCM,AORCM,AORCM,AORCM,AORCM,AORCM,0,1.84,0.06,,1.00,1.84,1.75,,MPI,,,,250.00
MPI-ESM1-2-LR,r6i1p1f1,1.00,AORCM,AORCM,AORCM,AORCM,AORCM,AORCM,0,1.84,0.06,,1.00,1.84,1.77,,MPI,,,,250.00
MPI-ESM1-2-LR,r7i1p1f1,1.00,AORCM,AORCM,AORCM,AORCM,AORCM,AORCM,0,1.84,0.06,,1.00,1.84,1.73,,MPI,,,,250.00
MPI-ESM1-2-LR,r8i1p1f1,1.00,AORCM,AORCM,AORCM,AORCM,AORCM,AORCM,0,1.84,0.06,,1.00,1.84,1.79,,MPI,,,,250.00
MPI-ESM1-2-LR,r9i1p1f1,1.00,AORCM,AORCM,AORCM,AORCM,AORCM,AORCM,0,1.84,0.06,,1.00,1.84,1.76,,MPI,,,,250.00
MPI-ESM1-2-LR,r10i1p1f1,1.00,AORCM,AORCM,AORCM,AORCM,AORCM,AORCM,0,1.84,0.06,,1.00,1.84,1.80,,MPI,,,,250.00
MPI-ESM1-2-LR,r11i1p1f1,1.00,AORCM,AORCM,AORCM,AORCM,AORCM,AORCM,,,,,,,,,,,,,
MPI-ESM1-2-LR,r12i1p1f1,1.00,AORCM,AORCM,AORCM,AORCM,AORCM,AORCM,,,,,,,,,,,,,
MPI-ESM1-2-LR,r13i1p1f1,1.00,AORCM,AORCM,AORCM,AORCM,AORCM,AORCM,,,,,,,,,,,,,
MPI-ESM1-2-LR,r14i1p1f1,1.00,AORCM,AORCM,AORCM,AORCM,AORCM,AORCM,,,,,,,,,,,,,
MPI-ESM1-2-LR,r15i1p1f1,1.00,AORCM,AORCM,AORCM,AORCM,AORCM,AORCM,,,,,,,,,,,,,
MPI-ESM1-2-LR,r16i1p1f1,1.00,AORCM,AORCM,AORCM,AORCM,AORCM,AORCM,,,,,,,,,,,,,
MPI-ESM1-2-LR,r17i1p1f1,1.00,AORCM,AORCM,AORCM,AORCM,AORCM,AORCM,,,,,,,,,,,,,
MPI-ESM1-2-LR,r18i1p1f1,1.00,AORCM,AORCM,AORCM,AORCM,AORCM,AORCM,,,,,,,,,,,,,
MPI-ESM1-2-LR,r19i1p1f1,1.00,AORCM,AORCM,AORCM,AORCM,AORCM,AORCM,,,,,,,,,,,,,
MPI-ESM1-2-LR,r20i1p1f1,1.00,AORCM,AORCM,AORCM,AORCM,AORCM,AORCM,,,,,,,,,,,,,
MPI-ESM1-2-LR,r21i1p1f1,1.00,AORCM,AORCM,AORCM,AORCM,AORCM,AORCM,,,,,,,,,,,,,
MPI-ESM1-2-LR,r22i1p1f1,1.00,AORCM,AORCM,AORCM,AORCM,AORCM,AORCM,,,,,,,,,,,,,
MPI-ESM1-2-LR,r23i1p1f1,1.00,AORCM,AORCM,AORCM,AORCM,AORCM,AORCM,,,,,,,,,,,,,
MPI-ESM1-2-LR,r24i1p1f1,1.00,AORCM,AORCM,AORCM,AORCM,AORCM,AORCM,,,,,,,,,,,,,
MPI-ESM1-2-LR,r25i1p1f1,1.00,AORCM,AORCM,AORCM,AORCM,AORCM,AORCM,,,,,,,,,,,,,
MPI-ESM1-2-LR,r26i1p1f1,1.00,AORCM,AORCM,AORCM,AORCM,AORCM,AORCM,,,,,,,,,,,,,
MPI-ESM1-2-LR,r27i1p1f1,1.00,AORCM,AORCM,AORCM,AORCM,AORCM,AORCM,,,,,,,,,,,,,
MPI-ESM1-2-LR,r28i1p1f1,1.00,AORCM,AORCM,AORCM,AORCM,AORCM,AORCM,,,,,,,,,,,,,
MPI-ESM1-2-LR,r29i1p1f1,1.00,AORCM,AORCM,AORCM,AORCM,AORCM,AORCM,,,,,,,,,,,,,
MPI-ESM1-2-LR,r30i1p1f1,1.00,AORCM,AORCM,AORCM,AORCM,AORCM,AORCM,,,,,,,,,,,,,
MPI-ESM1-2-LR,r31i1p1f1,1.00,AORCM,AORCM,AORCM,AORCM,AORCM,AORCM,,,,,,,,,,,,,
MPI-ESM1-2-LR,r32i1p1f1,1.00,AORCM,AORCM,AORCM,AORCM,AORCM,AORCM,,,,,,,,,,,,,
MPI-ESM1-2-LR,r33i1p1f1,1.00,AORCM,AORCM,AORCM,AORCM,AORCM,AORCM,,,,,,,,,,,,,
MPI-ESM1-2-LR,r34i1p1f1,1.00,AORCM,AORCM,AORCM,AORCM,AORCM,AORCM,,,,,,,,,,,,,
MPI-ESM1-2-LR,r35i1p1f1,1.00,AORCM,AORCM,AORCM,AORCM,AORCM,AORCM,,,,,,,,,,,,,
MPI-ESM1-2-LR,r36i1p1f1,1.00,AORCM,AORCM,AORCM,AORCM,AORCM,AORCM,,,,,,,,,,,,,
MPI-ESM1-2-LR,r37i1p1f1,1.00,AORCM,AORCM,AORCM,AORCM,AORCM,AORCM,,,,,,,,,,,,,
MPI-ESM1-2-LR,r38i1p1f1,1.00,AORCM,AORCM,AORCM,AORCM,AORCM,AORCM,,,,,,,,,,,,,
MPI-ESM1-2-LR,r39i1p1f1,1.00,AORCM,AORCM,AORCM,AORCM,AORCM,AORCM,,,,,,,,,,,,,
MPI-ESM1-2-LR,r40i1p1f1,1.00,AORCM,AORCM,AORCM,AORCM,AORCM,AORCM,,,,,,,,,,,,,
MPI-ESM1-2-LR,r41i1p1f1,1.00,AORCM,AORCM,AORCM,AORCM,AORCM,AORCM,,,,,,,,,,,,,
MPI-ESM1-2-LR,r42i1p1f1,1.00,AORCM,AORCM,AORCM,AORCM,AORCM,AORCM,,,,,,,,,,,,,
MPI-ESM1-2-LR,r43i1p1f1,1.00,AORCM,AORCM,AORCM,AORCM,AORCM,AORCM,,,,,,,,,,,,,
MPI-ESM1-2-LR,r44i1p1f1,1.00,AORCM,AORCM,AORCM,AORCM,AORCM,AORCM,,,,,,,,,,,,,
MPI-ESM1-2-LR,r45i1p1f1,1.00,AORCM,AORCM,AORCM,AORCM,AORCM,AORCM,,,,,,,,,,,,,
MPI-ESM1-2-LR,r46i1p1f1,1.00,AORCM,AORCM,AORCM,AORCM,AORCM,AORCM,,,,,,,,,,,,,
MPI-ESM1-2-LR,r47i1p1f1,1.00,AORCM,AORCM,AORCM,AORCM,AORCM,AORCM,,,,,,,,,,,,,
MPI-ESM1-2-LR,r48i1p1f1,1.00,AORCM,AORCM,AORCM,AORCM,AORCM,AORCM,,,,,,,,,,,,,
MPI-ESM1-2-LR,r49i1p1f1,1.00,AORCM,AORCM,AORCM,AORCM,AORCM,AORCM,,,,,,,,,,,,,
MPI-ESM1-2-LR,r50i1p1f1,1.00,AORCM,AORCM,AORCM,AORCM,AORCM,AORCM,,,,,,,,,,,,,
MPI-ESM-1-2-HAM,r1i1p1f1,0.00,AORCM,,,,AORCM,,0,1.80,,,,1.80,,2.96,,bb,2222222120.00,,250.00
MPI-ESM-1-2-HAM,r2i1p1f1,0.00,AORCM,,,,AORCM,,,,,,,,,,,bb,,,
MPI-ESM-1-2-HAM,r3i1p1f1,0.00,AORCM,,,,AORCM,,,,,,,,,,,bb bc dust oa so4 ss,,,
MRI-ESM2-0,r1i1p1f1,0.00,AORCM,ESD,AORCM,ESD,ESD,AORCM,0,1.64,0.02,0.77,1.00,1.64,1.86,3.15,,bc dust oa so4 ss,2222112210.00,gregorian,100.00
MRI-ESM2-0,r1i2p1f1,0.00,Basic,,,,,Basic,,,,,,,1.83,,,,,,
MRI-ESM2-0,r2i1p1f1,0.00,ESD,ESD,ESD,ESD,ESD,ESD,,,,,,,1.76,,,bc dust oa so4 ss,,,
MRI-ESM2-0,r3i1p1f1,0.00,ESD,ESD,ESD,ESD,ESD,ESD,,,,,,,1.85,,,bc dust oa so4 ss,,,
MRI-ESM2-0,r4i1p1f1,0.00,ESD,ESD,ESD,ESD,ESD,ESD,,,,,,,1.86,,,bc dust oa so4 ss,,,
MRI-ESM2-0,r5i1p1f1,0.00,ESD,ESD,ESD,ESD,ESD,ESD,,,,,,,1.82,,,bc dust oa so4 ss,,,
NESM3,r1i1p1f1,0.00,3Dml,,3Dml,3Dml,,3Dml,1,2.72,0.01,,1.00,2.72,1.82,4.72,,,2222221000.00,standard,250.00
NESM3,r2i1p1f1,0.00,3Dml,,3Dml,3Dml,,3Dml,0,,0.01,,,,1.75,,,,,,
NorCPM1,r1i1p1f1,0.00,Basic,,,,,,0,1.56,,,,1.56,,3.05,,,,,
NorESM2-LM,r1i1p1f1,1.00,AORCM,,AORCM,AORCM,AORCM,AORCM,1,1.48,,0.79,0.00,1.48,1.65,2.54,,bc dust oa so4 ss,2222122120.00,365_day,250.00
NorESM2-LM,r2i1p1f1,0.00,ESD,,,AORCM,Basic,,1,,,,0.00,,,,,bc dust oa so4 ss,,,
NorESM2-LM,r3i1p1f1,0.00,ESD,,,AORCM,Basic,,1,,,,0.00,,,,,bc dust oa so4 ss,,,
NorESM2-MM,r1i1p1f1,1.00,AORCM,,AORCM,3Dml,AORCM,AORCM,0,1.33,0.03,0.75,1.00,1.33,1.70,2.50,CESM,bc dust oa so4 ss,2222122120.00,365_day,100.00
NorESM2-MM,r2i1p1f1,0.00,3Dml,,,3Dml,,,0,,,,1.00,,,,,,,,
SAM0-UNICON,r1i1p1f1,0.00,3Dml,,,,,,0,2.27,,,,2.27,,3.72,,,2222222000.00,,100.00
TaiESM1,r1i1p1f1,1.00,AORCM,,AORCM,AORCM,AORCM,AORCM,1,2.34,,0.75,0.00,2.34,1.58,4.31,CESM,dust,2222222000.00,365_day,100.00
UKESM1-0-LL,r1i1p1f2,1.00,AORCM,ESD,AORCM,AORCM,AORCM,AORCM,2,2.79,0.01,0.85,0.00,2.79,1.54,5.34,HadGEM,dust,,360_day,250.00
UKESM1-0-LL,r2i1p1f2,1.00,AORCM,ESD,AORCM,AORCM,AORCM,AORCM,2,2.79,0.01,,0.00,2.79,1.54,,HadGEM,dust,,,250.00
UKESM1-0-LL,r3i1p1f2,1.00,AORCM,ESD,AORCM,AORCM,AORCM,AORCM,2,2.79,0.01,,0.00,2.79,1.56,,HadGEM,dust,,,250.00
UKESM1-0-LL,r4i1p1f2,0.00,ESD,ESD,ESD,ESD,ESD,ESD,1,,0.01,,0.00,,1.53,,HadGEM,dust,,,
UKESM1-0-LL,r5i1p1f2,0.00,,,ESD,Basic,ESD,,0,,0.01,,,,,,HadGEM,dust,,,
UKESM1-0-LL,r6i1p1f2,0.00,,,ESD,Basic,ESD,,,,,,,,,,HadGEM,dust,,,
UKESM1-0-LL,r7i1p1f2,0.00,,,ESD,Basic,ESD,,,,,,,,,,HadGEM,dust,,,
UKESM1-0-LL,r8i1p1f2,0.00,ESD,ESD,ESD,ESD,ESD,ESD,1,,,,0.00,,1.52,,HadGEM,dust,,,
UKESM1-0-LL,r9i1p1f2,0.00,ESD,,ESD,Basic,ESD,,,,,,,,,,HadGEM,dust,,,
UKESM1-0-LL,r10i1p1f2,0.00,ESD,,ESD,Basic,ESD,,,,,,,,,,HadGEM,dust,,,
UKESM1-0-LL,r11i1p1f2,0.00,ESD,,ESD,Basic,ESD,,,,,,,,,,HadGEM,dust,,,
UKESM1-0-LL,r12i1p1f2,0.00,ESD,,ESD,Basic,ESD,,,,,,,,,,HadGEM,dust,,,
UKESM1-0-LL,r13i1p1f2,0.00,-,,ESD,ESD,Basic,Basic,1,,,,0.00,,,,HadGEM,dust,,,
UKESM1-0-LL,r14i1p1f2,0.00,Basic,,ESD,ESD,ESD,Basic,,,,,,,,,HadGEM,dust,,,
UKESM1-0-LL,r15i1p1f2,0.00,-,,ESD,ESD,ESD,ESD,,,,,,,,,HadGEM,dust,,,
UKESM1-0-LL,r16i1p1f2,0.00,ESD,,ESD,Basic,ESD,,,,,,,,,,HadGEM,dust,,,
UKESM1-0-LL,r17i1p1f2,0.00,ESD,,ESD,Basic,ESD,,,,,,,,,,HadGEM,dust,,,
UKESM1-0-LL,r18i1p1f2,0.00,ESD,,ESD,Basic,ESD,,,,,,,,,,HadGEM,dust,,,
UKESM1-0-LL,r19i1p1f2,0.00,ESD,,ESD,Basic,ESD,,,,,,,,,,HadGEM,dust,,,
